Smiles,QED,Penalized_logp
C123C45C16C24C356,0.36888464677164234,-4.689753932969829
